{"_timestamp":1.7548742309195292e+09,"_step":1299,"valid_auroc_epoch":0.5256717801094055,"_wandb":{"runtime":12746},"trainer/global_step":24999,"_runtime":12663.846484102,"train_loss_epoch":0.5150163769721985,"train_loss_step":0.52078777551651,"epoch":24}