epoch,step,train_loss_step
0,19,0.6600955724716187
0,39,0.6447615027427673
